ref age (deg),T,DT,RPM_1,CT_1,CQ_1,eta_1
0.0,0.0,0.00018115942028985507,9200.0,0.2719636768908461,0.020539413249574826,0.8429522887080765
10.0,0.00018115942028985507,0.00018115942028985507,9200.0,0.2665594317476875,0.021387700390195524,0.7934326817082055
20.0,0.00036231884057971015,0.00018115942028985507,9200.0,0.2571324375523663,0.024073561668537916,0.6799807860456516
30.0,0.0005434782608695652,0.00018115942028985507,9200.0,0.25834996995161014,0.02453024803007479,0.6704811906513124
40.0,0.0007246376811594203,0.00018115942028985507,9200.0,0.26257401229162813,0.024741963420977096,0.675612541699156
50.0,0.0009057971014492754,0.00018115942028985507,9200.0,0.26682976127599967,0.02468047883680756,0.6882731206620127
60.0,0.0010869565217391304,0.00018115942028985507,9200.0,0.26886737822279,0.024347581612552762,0.7030114606249586
70.0,0.0012681159420289854,0.00018115942028985507,9200.0,0.2679629164754914,0.023775907360904038,0.7174930836502643
80.0,0.0014492753623188406,0.00018115942028985507,9200.0,0.2651097072708873,0.023067652582760046,0.7316482719241413
90.00000000000001,0.0016304347826086958,0.00018115942028985507,9200.0,0.26099254501896035,0.02238694304352513,0.742187150235601
100.00000000000001,0.001811594202898551,0.00018115942028985507,9200.0,0.25590679031068,0.02196761466900627,0.7416158970812516
110.00000000000001,0.001992753623188406,0.00018115942028985507,9200.0,0.24826599650770226,0.02200297463886533,0.7183167038886098
120.00000000000001,0.0021739130434782613,0.00018115942028985507,9200.0,0.23474838220807379,0.02216751641379851,0.674164208814738
130.00000000000003,0.0023550724637681165,0.00018115942028985507,9200.0,0.21412476797039615,0.021678470095241816,0.6288084926873813
140.00000000000003,0.0025362318840579717,0.00018115942028985507,9200.0,0.19777707944894116,0.02090809210608317,0.6022012848397442
150.00000000000003,0.002717391304347827,0.00018115942028985507,9200.0,0.19690953983801868,0.021023558224646553,0.5962668406993324
160.00000000000006,0.002898550724637682,0.00018115942028985507,9200.0,0.204250749922259,0.021673582410192543,0.5999472697243924
170.00000000000003,0.0030797101449275372,0.00018115942028985507,9200.0,0.21306127245298562,0.022356049009153698,0.6067217812674747
180.00000000000006,0.0032608695652173924,0.00018115942028985507,9200.0,0.21997046287894298,0.022826682717905493,0.6134818087068659
190.00000000000006,0.0034420289855072476,0.00018115942028985507,9200.0,0.22490557275014064,0.02309937409863444,0.6198407537668276
200.00000000000006,0.003623188405797103,0.00018115942028985507,9200.0,0.22744567065114976,0.023175116918098603,0.6247925807133604
210.00000000000009,0.003804347826086958,0.00018115942028985507,9200.0,0.22770950245244045,0.023087525666876243,0.6278904621866377
220.00000000000009,0.003985507246376813,0.00018115942028985507,9200.0,0.22476637481417566,0.022807448159289073,0.6273859195940281
230.00000000000009,0.004166666666666668,0.00018115942028985507,9200.0,0.218665645602506,0.02235866353417154,0.6226082042664257
240.0000000000001,0.0043478260869565235,0.00018115942028985507,9200.0,0.21099068138171725,0.021855826791693463,0.614576793791026
250.00000000000009,0.004528985507246379,0.00018115942028985507,9200.0,0.20449628173338794,0.02147855398744664,0.6061226300579405
260.0000000000001,0.004710144927536234,0.00018115942028985507,9200.0,0.20165534678625927,0.021386218374299028,0.6002827555621174
270.0000000000001,0.004891304347826089,0.00018115942028985507,9200.0,0.20349347100213644,0.021634479623926492,0.5988032503652019
280.0000000000001,0.005072463768115944,0.00018115942028985507,9200.0,0.2072795967335853,0.02199650230110365,0.5999057844862828
290.0000000000001,0.0052536231884057994,0.00018115942028985507,9200.0,0.21067905846573085,0.022290627289213105,0.6016988777519715
300.0000000000001,0.005434782608695655,0.00018115942028985507,9200.0,0.21344085410439573,0.022503970076870907,0.6038075392463206
310.0000000000001,0.00561594202898551,0.00018115942028985507,9200.0,0.21494957556006153,0.022600917370110336,0.6054672366729977
320.0000000000001,0.005797101449275365,0.00018115942028985507,9200.0,0.21540223904671332,0.022602727645603424,0.606693698829131
330.00000000000017,0.00597826086956522,0.00018115942028985507,9200.0,0.21491076060792275,0.022527879323046094,0.6073205450705513
340.0000000000001,0.006159420289855075,0.00018115942028985507,9200.0,0.21382241782507716,0.022413503509083995,0.6073284299695353
350.00000000000017,0.0063405797101449305,0.00018115942028985507,9200.0,0.21224638137593174,0.02227931852644632,0.6064828367034484
360.00000000000017,0.006521739130434786,0.00018115942028985507,9200.0,0.21079697030650366,0.02217885898962922,0.6050695363321107
370.0000000000001,0.006702898550724641,0.00018115942028985507,9200.0,0.20987557278899452,0.022140017167889398,0.6034816430414834
380.00000000000017,0.006884057971014496,0.00018115942028985507,9200.0,0.20963457857898607,0.02216420713927754,0.6021307997019474
390.00000000000017,0.007065217391304351,0.00018115942028985507,9200.0,0.20985873795553286,0.022223966245982836,0.6011538197451528
400.00000000000017,0.0072463768115942065,0.00018115942028985507,9200.0,0.21030411204707908,0.022291572775457704,0.6006025563471209
410.00000000000017,0.007427536231884062,0.00018115942028985507,9200.0,0.21082547146606556,0.0223514881977348,0.600477527342527
420.0000000000002,0.007608695652173917,0.00018115942028985507,9200.0,0.21119783309535622,0.02238633612529828,0.6006017048843926
430.00000000000017,0.007789855072463772,0.00018115942028985507,9200.0,0.21134273376265034,0.022392313654028495,0.6008533335960818
440.00000000000017,0.007971014492753626,0.00018115942028985507,9200.0,0.21138465122346253,0.022382722413514956,0.6012300293847425
450.00000000000017,0.008152173913043482,0.00018115942028985507,9200.0,0.21137306667817424,0.022364422605346455,0.601689012803433
460.00000000000017,0.008333333333333337,0.00018115942028985507,9200.0,0.2112508780570313,0.022336172263536805,0.6021017581453045
470.00000000000017,0.008514492753623192,0.00018115942028985507,9200.0,0.21095767591538908,0.02229780913478611,0.6023005525279704
480.0000000000002,0.008695652173913047,0.00018115942028985507,9200.0,0.21049188002498362,0.022252884300504278,0.6021839278771276
490.00000000000017,0.008876811594202902,0.00018115942028985507,9200.0,0.2098830588123336,0.0222050590668661,0.6017354185934048
500.00000000000017,0.009057971014492757,0.00018115942028985507,9200.0,0.209291864527117,0.022165674684961063,0.6011066256604405
510.0000000000002,0.009239130434782613,0.00018115942028985507,9200.0,0.2088114202601916,0.022138706823884486,0.6004572890878089
520.0000000000002,0.009420289855072468,0.00018115942028985507,9200.0,0.2084675367360669,0.022121761954719515,0.5999276009505728
530.0000000000002,0.009601449275362323,0.00018115942028985507,9200.0,0.2082372814663282,0.022109309148231324,0.5996025015378775
540.0000000000002,0.009782608695652178,0.00018115942028985507,9200.0,0.2080427222776119,0.022092602681543498,0.5994952808785681
550.0000000000002,0.009963768115942033,0.00018115942028985507,9200.0,0.20778998779180205,0.02206290083156308,0.5995730830600291
560.0000000000002,0.010144927536231889,0.00018115942028985507,9200.0,0.20747978996277205,0.022021374544221803,0.5998069575163353
570.0000000000002,0.010326086956521744,0.00018115942028985507,9200.0,0.2070463793706211,0.021963961871027927,0.6001185928041676
580.0000000000002,0.010507246376811599,0.00018115942028985507,9200.0,0.2064904056781481,0.021893113277662798,0.6004439541864272
590.0000000000002,0.010688405797101454,0.00018115942028985507,9200.0,0.205833350137979,0.02181323084749455,0.6007252269351366
600.0000000000002,0.01086956521739131,0.00018115942028985507,9200.0,0.2049835756158047,0.021719312797176923,0.6008320726638665
610.0000000000002,0.011050724637681164,0.00018115942028985507,9200.0,0.2043957062948238,0.0216494207123439,0.6010430936848559
620.0000000000002,0.01123188405797102,0.00018115942028985507,9200.0,0.203645913072251,0.021568957895193818,0.6010722235798573
630.0000000000002,0.011413043478260875,0.00018115942028985507,9200.0,0.20297466501300768,0.02149674517497498,0.6011034879242709
640.0000000000002,0.01159420289855073,0.00018115942028985507,9200.0,0.20238584176958574,0.0214316470470657,0.6011802463656916
650.0000000000003,0.011775362318840585,0.00018115942028985507,9200.0,0.2019891061489803,0.02138309923398979,0.6013639901782467
660.0000000000003,0.01195652173913044,0.00018115942028985507,9200.0,0.20147337879069482,0.021318572705784945,0.6016441077645638
670.0000000000003,0.012137681159420296,0.00018115942028985507,9200.0,0.2009479651883058,0.021250364744045968,0.6020011863172902
680.0000000000002,0.01231884057971015,0.00018115942028985507,9200.0,0.20035549510743314,0.021173719641323353,0.6023989731070052
690.0000000000002,0.012500000000000006,0.00018115942028985507,9200.0,0.19963593296493187,0.02108430851490763,0.6027808885013437
700.0000000000003,0.012681159420289861,0.00018115942028985507,9200.0,0.1987526677179344,0.02098057050872555,0.603081208051129
710.0000000000003,0.012862318840579716,0.00018115942028985507,9200.0,0.19764709203699854,0.020859760731701985,0.6031998562211793
720.0000000000003,0.013043478260869571,0.00018115942028985507,9200.0,0.19631968893555546,0.020724533242300974,0.6030581930131398
730.0000000000003,0.013224637681159427,0.00018115942028985507,9200.0,0.1948581028886885,0.020583654965577656,0.6026651793008924
740.0000000000002,0.013405797101449282,0.00018115942028985507,9200.0,0.19339700532768037,0.020447744114950483,0.6021219593522773
750.0000000000003,0.013586956521739137,0.00018115942028985507,9200.0,0.1919198997349658,0.02031270023486995,0.6014956232768194
760.0000000000003,0.013768115942028992,0.00018115942028985507,9200.0,0.1905010570308018,0.020183456663117664,0.6008719992168058
770.0000000000003,0.013949275362318847,0.00018115942028985507,9200.0,0.18918046879325467,0.02006275577272413,0.6002965312636174
780.0000000000003,0.014130434782608703,0.00018115942028985507,9200.0,0.1879629718762901,0.019950812477399132,0.5997798059852116
790.0000000000005,0.014311594202898558,0.00018115942028985507,9200.0,0.18683568226757996,0.019846547477887097,0.5993147656934004
800.0000000000003,0.014492753623188413,0.00018115942028985507,9200.0,0.18577511292173415,0.01974820507239876,0.5988803016082435
810.0000000000003,0.014673913043478268,0.00018115942028985507,9200.0,0.18476062326496012,0.019654279652260232,0.5984562548539135
820.0000000000003,0.014855072463768123,0.00018115942028985507,9200.0,0.18377688385188243,0.019563732360849673,0.5980249361739253
830.0000000000003,0.015036231884057978,0.00018115942028985507,9200.0,0.1828152019183391,0.019475992484181383,0.5975755655333851
840.0000000000005,0.015217391304347834,0.00018115942028985507,9200.0,0.1818740964257544,0.019391029169693486,0.5971041807676963
850.0000000000005,0.015398550724637689,0.00018115942028985507,9200.0,0.18095776213247963,0.01930929053780343,0.5966106787371956
860.0000000000003,0.015579710144927544,0.00018115942028985507,9200.0,0.1800785196339682,0.019231794486439333,0.5961042598417096
870.0000000000003,0.015760869565217397,0.00018115942028985507,9200.0,0.1792534171530573,0.01915995959815949,0.5955976526957419
880.0000000000003,0.015942028985507253,0.00018115942028985507,9200.0,0.17850341858627788,0.01909547676914425,0.5951085017728205
890.0000000000003,0.016123188405797108,0.00018115942028985507,9200.0,0.17784457090552272,0.01903945785507521,0.5946564818625022
900.0000000000003,0.016304347826086963,0.00018115942028985507,9200.0,0.1772913050408279,0.018992877962302368,0.5942603879299672
910.0000000000002,0.016485507246376818,0.00018115942028985507,9200.0,0.17684636252047997,0.018955661247017443,0.5939328076436116
920.0000000000003,0.016666666666666673,0.00018115942028985507,9200.0,0.17650129754786104,0.018926770389037634,0.5936787606013506
930.0000000000003,0.01684782608695653,0.00018115942028985507,9200.0,0.17624121184375577,0.018904698659613705,0.5934960518860295
940.0000000000003,0.017028985507246384,0.00018115942028985507,9200.0,0.1760424779512771,0.018887269815745435,0.5933738615145832
950.0000000000003,0.01721014492753624,0.00018115942028985507,9200.0,0.1758578993265078,0.018870247567667555,0.5932864178745935
960.0000000000005,0.017391304347826094,0.00018115942028985507,9200.0,0.17570308009932248,0.018855307407143286,0.5932337905810924
970.0000000000005,0.01757246376811595,0.00018115942028985507,9200.0,0.17553993272831536,0.018839202242715427,0.5931896190462735
980.0000000000003,0.017753623188405804,0.00018115942028985507,9200.0,0.1753784929457362,0.018823059907917782,0.593152318504387
990.0000000000003,0.01793478260869566,0.00018115942028985507,9200.0,0.1752082598224055,0.018806037227751933,0.5931129516241708
1000.0000000000003,0.018115942028985515,0.00018115942028985507,9200.0,0.17502591045987978,0.018787927612651217,0.5930667691117097
1010.0000000000005,0.01829710144927537,0.00018115942028985507,9200.0,0.17483194392384308,0.018768845434773085,0.5930118223317575
1020.0000000000005,0.018478260869565225,0.00018115942028985507,9200.0,0.17463181793667837,0.018749209975915566,0.5929533475052792
1030.0000000000005,0.01865942028985508,0.00018115942028985507,9200.0,0.17443478762288764,0.01872982596729823,0.5928973124649318
1040.0000000000005,0.018840579710144936,0.00018115942028985507,9200.0,0.17424314378703987,0.018710855034564752,0.5928464002815541
1050.0000000000005,0.01902173913043479,0.00018115942028985507,9200.0,0.1740630905465185,0.01869274688405288,0.5928074978421607
1060.0000000000005,0.019202898550724646,0.00018115942028985507,9200.0,0.17389314567488232,0.018675333984975954,0.5927809103970292
1070.0000000000005,0.0193840579710145,0.00018115942028985507,9200.0,0.17372774218763193,0.018658146738213463,0.5927625998294299
1080.0000000000005,0.019565217391304356,0.00018115942028985507,9200.0,0.17356298138297133,0.01864080300971935,0.5927514262226492
1090.0000000000005,0.01974637681159421,0.00018115942028985507,9200.0,0.1733921349250498,0.018622741251377865,0.5927422820104262
1100.0000000000005,0.019927536231884067,0.00018115942028985507,9200.0,0.1732125673429555,0.01860386297212297,0.5927292915364514
1110.0000000000005,0.020108695652173922,0.00018115942028985507,9200.0,0.17302113598396338,0.018583907353836665,0.5927099942313844
1120.0000000000005,0.020289855072463777,0.00018115942028985507,9200.0,0.17282197418519038,0.018563367372704503,0.5926828018695985
1130.0000000000005,0.020471014492753632,0.00018115942028985507,9200.0,0.17263202812343414,0.01854386839181748,0.5926539173228202
1140.0000000000005,0.020652173913043487,0.00018115942028985507,9200.0,0.17243163020721441,0.018523489361390904,0.592617206347158
1150.0000000000005,0.020833333333333343,0.00018115942028985507,9200.0,0.17223704569096684,0.018503694315821374,0.5925817134111077
1160.0000000000005,0.021014492753623198,0.00018115942028985507,9200.0,0.17205220174037908,0.018484867002132293,0.5925486696478067
1170.0000000000005,0.021195652173913053,0.00018115942028985507,9200.0,0.1718700742872974,0.018466233804594993,0.5925186950809231
1180.0000000000005,0.021376811594202908,0.00018115942028985507,9200.0,0.17168580087844837,0.01844726612721372,0.5924919970268364
1190.0000000000005,0.021557971014492763,0.00018115942028985507,9200.0,0.17150346899167676,0.018428431742865205,0.592467665795833
1200.0000000000005,0.02173913043478262,0.00018115942028985507,9200.0,0.1713180356952557,0.01840918751283072,0.5924457492258136
1210.0000000000005,0.021920289855072474,0.00018115942028985507,9200.0,0.17112640212567654,0.01838926835620322,0.5924240652596818
1220.0000000000005,0.02210144927536233,0.00018115942028985507,9200.0,0.1709286921793712,0.018368800606116707,0.5923989673560089
1230.0000000000007,0.022282608695652184,0.00018115942028985507,9200.0,0.17072240536340846,0.01834752754583643,0.592370054052121
1240.0000000000005,0.02246376811594204,0.00018115942028985507,9200.0,0.17051333456443252,0.018326143114681403,0.5923350022792477
1250.0000000000005,0.022644927536231894,0.00018115942028985507,9200.0,0.17029825161144152,0.018304221885027446,0.5922963284451599
1260.0000000000005,0.02282608695652175,0.00018115942028985507,9200.0,0.17007921417280256,0.01828201321289196,0.5922531033660651
1270.0000000000005,0.023007246376811605,0.00018115942028985507,9200.0,0.16986414199832303,0.018260240034165938,0.5922094737530997
1280.0000000000005,0.02318840579710146,0.00018115942028985507,9200.0,0.1696541925383383,0.018238994587919777,0.5921664865589564
1290.0000000000005,0.023369565217391315,0.00018115942028985507,9200.0,0.1694491780323105,0.018218177205611537,0.5921267310627316
1300.0000000000007,0.02355072463768117,0.00018115942028985507,9200.0,0.16924941945136351,0.018197791932604453,0.5920912124037655
1310.0000000000007,0.023731884057971026,0.00018115942028985507,9200.0,0.16905697740023182,0.018178035247233996,0.5920607645761021
1320.0000000000007,0.02391304347826088,0.00018115942028985507,9200.0,0.16886798095720607,0.018158491821508735,0.5920353774635086
1330.0000000000007,0.024094202898550736,0.00018115942028985507,9200.0,0.1686790538439038,0.01813887654595699,0.5920125239797178
1340.0000000000007,0.02427536231884059,0.00018115942028985507,9200.0,0.16848922563588428,0.018119138231006242,0.5919904749506945
1350.0000000000007,0.024456521739130446,0.00018115942028985507,9200.0,0.1683014852411684,0.01809963191739972,0.5919681334533532
1360.0000000000005,0.0246376811594203,0.00018115942028985507,9200.0,0.16810699548925043,0.018079545791559164,0.5919409615463315
1370.0000000000005,0.024818840579710157,0.00018115942028985507,9200.0,0.16791863761528256,0.018060060203913684,0.5919156616750916
1380.0000000000005,0.025000000000000012,0.00018115942028985507,9200.0,0.16772788704984834,0.01804043927457159,0.5918863041426997
1390.0000000000005,0.025181159420289867,0.00018115942028985507,9200.0,0.1675376964660811,0.018020954729922913,0.591854381666724
1400.0000000000007,0.025362318840579722,0.00018115942028985507,9200.0,0.16735648686863877,0.018002326494182833,0.5918259987617626
1410.0000000000007,0.025543478260869577,0.00018115942028985507,9200.0,0.16717868077350886,0.017984049279018845,0.5917980541952242
1420.0000000000007,0.025724637681159433,0.00018115942028985507,9200.0,0.1670077870515525,0.01796636191826255,0.5917751176341361
1430.0000000000007,0.025905797101449288,0.00018115942028985507,9200.0,0.16683905374022004,0.017948843947645572,0.5917542139423079
1440.0000000000007,0.026086956521739143,0.00018115942028985507,9200.0,0.16667950947794843,0.01793212495057421,0.5917395271038072
