Radius/R,Chord/R,Twist (deg),Rake/R,Skew/R,Sweep,t/c,CLi,Axial,Tangential
0.0,0.08,46.75,0.0,0.0,0.0,0.13240741,0.12731481,0.0,0.0
0.2,0.08,46.75,0.0,0.0,0.0,0.13240741,0.12731481,0.0,0.0
0.27272727,0.11601803,42.3174305,0.0,0.0,0.0,0.1223114,0.60636968,0.0,0.0
0.34545455,0.14698723,38.15773854,0.0,0.0,0.0,0.09641933,0.70713361,0.0,0.0
0.41818182,0.17182569,34.27092412,0.0,0.0,0.0,0.08450031,0.69773241,0.0,0.0
0.49090909,0.18945154,30.65698723,0.0,0.0,0.0,0.09330135,0.6986728,0.0,0.0
0.56363636,0.19878287,27.31592787,0.0,0.0,0.0,0.10208964,0.69979577,0.0,0.0
0.63636364,0.2,24.24774606,0.0,0.0,0.0,0.09426009,0.69962434,0.0,0.0
0.70909091,0.2,21.45244177,0.0,0.0,0.0,0.08799775,0.68985725,0.0,0.0
0.78181818,0.2,18.93001503,0.0,0.0,0.0,0.08590937,0.65304282,0.0,0.0
0.85454545,0.2,16.68046582,0.0,0.0,0.0,0.08465579,0.57114951,0.0,0.0
0.92727273,0.2,14.70379414,0.0,0.0,0.0,0.08089782,0.42614576,0.0,0.0
1.0,0.13,13.0,0.0,0.0,0.0,0.0712963,0.2,0.0,0.0
