Alpha,Cl,Cd,Cdp,Cm,Top_Xtr,Bot_Xtr
-8.00,-0.35190,0.10684,0.09900,-0.01310,1.0000,0.2594
-7.50,-0.33880,0.10010,0.09243,-0.01020,1.0000,0.3000
-7.00,-0.34390,0.09577,0.08835,-0.00570,1.0000,0.3516
-6.50,-0.30250,0.08738,0.08002,0.00370,1.0000,0.4877
-6.00,0.00170,0.05667,0.04847,-0.02290,1.0000,1.0000
-5.50,0.02240,0.05236,0.04430,-0.02460,1.0000,1.0000
-5.00,0.04240,0.04835,0.04043,-0.02600,1.0000,1.0000
-4.50,0.01340,0.04804,0.04043,-0.01610,1.0000,0.9734
-4.00,-0.08160,0.05121,0.04417,0.00570,1.0000,0.8914
-3.50,-0.16410,0.05206,0.04559,0.02130,1.0000,0.8226
-3.00,-0.24970,0.05213,0.04618,0.03740,1.0000,0.7877
-2.50,-0.31870,0.05048,0.04496,0.04460,1.0000,0.7324
-2.00,-0.09650,0.04037,0.03230,-0.03950,1.0000,0.3293
-1.50,-0.01870,0.03738,0.02809,-0.04620,1.0000,0.2701
-1.00,0.04150,0.03576,0.02553,-0.04840,1.0000,0.2393
-0.50,0.09200,0.03503,0.02404,-0.04920,1.0000,0.2343
0.00,0.13560,0.03519,0.02369,-0.04970,1.0000,0.2344
0.50,0.27430,0.03483,0.02314,-0.06600,0.9512,0.2786
1.00,0.41950,0.03281,0.02258,-0.07910,0.8706,1.0000
1.50,0.54270,0.03265,0.02129,-0.08630,0.7938,1.0000
2.00,0.62310,0.03275,0.02082,-0.08680,0.7331,1.0000
2.50,0.67900,0.03406,0.02176,-0.08540,0.6845,1.0000
3.00,0.72730,0.03630,0.02377,-0.08430,0.6488,1.0000
3.50,0.77060,0.03921,0.02654,-0.08350,0.6215,1.0000
4.00,0.80980,0.04272,0.03002,-0.08300,0.6001,1.0000
4.50,0.83860,0.04752,0.03484,-0.08280,0.5838,1.0000
5.00,0.83730,0.05526,0.04267,-0.08300,0.5712,1.0000
5.50,0.83530,0.06353,0.05102,-0.08400,0.5655,1.0000
6.00,0.81390,0.07307,0.06055,-0.08500,0.5655,1.0000
6.50,0.78990,0.08299,0.07049,-0.08720,0.5807,1.0000
7.50,0.65280,0.10337,0.09100,-0.09340,0.8101,1.0000
8.00,0.67290,0.10850,0.09618,-0.09320,0.7845,1.0000
8.50,0.70250,0.11490,0.10269,-0.09470,0.7605,1.0000
9.00,0.73670,0.12182,0.10974,-0.09650,0.7337,1.0000
9.50,0.75290,0.12691,0.11499,-0.09590,0.7057,1.0000
10.00,0.77000,0.13250,0.12071,-0.09570,0.6792,1.0000
10.50,0.79250,0.13894,0.12732,-0.09630,0.6534,1.0000
11.00,0.82590,0.14704,0.13568,-0.09810,0.6272,1.0000
11.50,0.83730,0.15208,0.14091,-0.09760,0.5996,1.0000
12.00,0.85060,0.15777,0.14680,-0.09760,0.5722,1.0000
